"Row","Description","Part","References","Value","Footprint","Quantity Per PCB","Status","Datasheet","lslc#","jlc-part-type","mpn"
"1","","Barrel_Jack_MountingPin","DC 12V","Power IN","BarrelJack_Horizontal","1"," ","~","","",""
"2","DC Barrel Jack with a mounting pin","Barrel_Jack_MountingPin","J7","Barrel_Jack_MountingPin","BarrelJack_Horizontal","1"," ","~","","",""
"3","Generic connector, single row, 01x02, script generated","Conn_01x02_Socket","J1,J5","Power IN","PinHeader_1x02_P2.54mm_Vertical","2"," ","~","","",""
"4","Generic connector, single row, 01x02, script generated","Conn_01x02_Socket","J4","Switch","JST_EH_S2B-EH_1x02_P2.50mm_Horizontal","1"," ","~","","",""
"5","USB 2.0-only Type-C Receptacle connector","USB_C_Receptacle_USB2.0","J8","TYPE-C-31-M-12","USB_C_Receptacle_HRO_TYPE-C-31-M-12","1"," ","https://www.usb.org/sites/default/files/documents/usb_type-c.zip","C165948","E","TYPE-C-31-M-12"
"6","Generic connector, single row, 01x04, script generated","Conn_01x04_Socket","J2,J3","UART_In","JST_EH_S4B-EH_1x04_P2.50mm_Horizontal","2"," ","~","","",""
"7","module : adjustable step down module 3.2V-40V to 1.25V-35V 3A","YAAJ_DCDC_StepDown_LM2596","U1","YAAJ_DCDC_StepDown_LM2596","YAAJ_DCDC_StepDown_LM2596","1"," ","","","",""
"8","","TYPE-C-31-M-12","USB 5V","TYPE-C-31-M-12","USB_C_Receptacle_HRO_TYPE-C-31-M-12","1"," ","~","","",""
